"","lat","lon","bla","name"
"1",48.5920117,9.6248984,"Baden-Württemberg","Campingplatz Winkelbachtal"
"2",47.9309854,8.7504475,"Baden-Württemberg","Radler-Zeltplatz"
"3",49.4184563,9.0295698,"Baden-Württemberg","Campingplatz des Naturfreundehauses"
"4",48.9021608,9.6366585,"Baden-Württemberg","Campingplatz Am Aichstruter Stausee"
"5",48.9010944,9.6370791,"Baden-Württemberg",NA
"6",47.7204872,7.6598762,"Baden-Württemberg","Kandern"
"7",48.5277084,8.3050696,"Baden-Württemberg","Campingplatz Baiersbronn-Obertal"
"8",49.4575182,9.9261556,"Baden-Württemberg","Campingplatz SchwabenmÃ¼hle"
"9",47.6485965,8.566943,"Baden-Württemberg","Schwimmbad"
"10",48.8918804,9.6988119,"Baden-Württemberg",NA
"11",49.5067417,8.8086495,"Baden-Württemberg","Campingplatz Seip"
"12",48.8008409,8.7425287,"Baden-Württemberg","Jugendzeltplatz Monbachtal"
"13",48.9280126,9.6653736,"Baden-Württemberg","Waldjugendzeltplatz HÃ¤uptleswiese"
"14",49.282272,9.156336,"Baden-Württemberg",NA
"15",47.7342685,9.2277353,"Baden-Württemberg",NA
"16",48.2841887,8.5881697,"Baden-Württemberg","Camping"
"17",47.7339551,9.173099,"Baden-Württemberg","Camping FlieÃŸhorn / Seepark"
"18",48.5796803,8.3195714,"Baden-Württemberg","Jugendzeltplatz Hahnbrunnenwiese"
"19",48.1017761,8.2818408,"Baden-Württemberg",NA
"20",47.6429301,7.9638508,"Baden-Württemberg","Naturfreundehaus Hotzenwald"
"21",48.0883257,8.2494563,"Baden-Württemberg","Zeltlagerplatz StÃ¶cklewald"
"22",47.985736,8.8073464,"Baden-Württemberg",NA
"23",47.7055582,8.2186037,"Baden-Württemberg","Pfadfinder Platz Leinegg"
"24",47.7945408,9.3853507,"Baden-Württemberg","Birkenmuehle"
"25",47.8650028,9.3857348,"Baden-Württemberg","Campingplatz Buhhof"
"26",49.2575418,9.8411813,"Baden-Württemberg","Jugendzeltplatz Schimbach"
"27",49.3897438,8.4982783,"Baden-Württemberg","Paddler-Gilde Ludwigshafen"
"28",48.946519,9.976133,"Baden-Württemberg","Camping Hammerschmiedesee"
"29",48.7174584,9.715009,"Baden-Württemberg",NA
"30",47.7433404,9.1370907,"Baden-Württemberg","Camping auf dem Bauernhof"
"31",47.8422076,8.9377371,"Baden-Württemberg","Campingplatz Orsingen"
"32",48.0921747,9.84246,"Baden-Württemberg",NA
"33",48.8897717,10.0119741,"Baden-Württemberg","Laubachstausee-Campingplatz"
"34",48.029042,8.9567532,"Baden-Württemberg","Jugend-Zeltlager Evangelische Jugend Ãœberlingen-Stockach"
"35",48.0310138,8.9550646,"Baden-Württemberg",NA
"36",48.1016078,9.0645681,"Baden-Württemberg",NA
"37",48.5482014,9.6669379,"Baden-Württemberg","Camping Waldpark Hohenstadt"
"38",48.9199839,8.1672422,"Baden-Württemberg",NA
"39",48.5431941,7.9359992,"Baden-Württemberg","Europa Camping"
"40",48.2251753,9.7045004,"Baden-Württemberg","Zeltplatz HeppenÃ¤cker"
"41",47.5534655,8.0127465,"Baden-Württemberg","Naturcamping & Kanuverleih"
"42",47.813231,9.6231042,"Baden-Württemberg",NA
"43",49.7326442,9.5173414,"Baden-Württemberg","Campingplatz Forellenhof"
"44",48.7079064,8.5413773,"Baden-Württemberg","Jugendzeltplatz"
"45",48.081283,9.1281528,"Baden-Württemberg","Jugendzeltplatz Aisnau"
"46",47.8413991,8.9988364,"Baden-Württemberg",NA
"47",48.8558772,9.2337816,"Baden-Württemberg","Sonnenhof"
"48",49.2823065,8.5852564,"Baden-Württemberg","CampingplÃ¤tze"
"49",48.3595289,8.9585024,"Baden-Württemberg","Zollernalbcamping"
"50",48.0192776,9.2326831,"Baden-Württemberg","Ablacher Seen Camping"
"51",49.1970052,9.7914171,"Baden-Württemberg","Naturcamping Braunsbach"
"52",48.2312058,9.6760143,"Baden-Württemberg","ZeltmÃ¶glichkeit"
"53",47.8156045,9.9545672,"Baden-Württemberg","Camping Moorbad"
"54",47.7392284,8.9570541,"Baden-Württemberg",NA
"55",48.5850958,8.5801273,"Baden-Württemberg","Campingplatz Altensteig"
"56",47.7611792,8.9336728,"Baden-Württemberg","Campingplatz BÃ¶hringen"
"57",48.159854,9.4931666,"Baden-Württemberg","Camping Radlerrast"
"58",48.0555054,9.3624656,"Baden-Württemberg",NA
"59",47.6044817,8.2995762,"Baden-Württemberg",NA
"60",48.080543,9.1295661,"Baden-Württemberg","Jugendzeltplatz"
"61",47.8422747,8.9970517,"Baden-Württemberg",NA
"62",48.0787261,9.149733,"Baden-Württemberg","Jugendzeltplatz"
"63",49.3829176,9.8304462,"Baden-Württemberg","Hollenbacher See"
"64",48.145833,9.4786966,"Baden-Württemberg",NA
"65",49.3283284,8.5636208,"Baden-Württemberg","Campingplatz C2"
"66",49.3238698,8.5629071,"Baden-Württemberg","Campingplatz C3"
"67",48.2820647,9.5331308,"Baden-Württemberg","Jugendzeltlagerplatz ""Am Berg"""
"68",49.5101273,8.761227,"Baden-Württemberg","Bezirkszeltplatz DPSG Kurpfalz"
"69",48.0299681,8.9606963,"Baden-Württemberg","vuj Stuttgart"
"70",47.7684779,7.5513763,"Baden-Württemberg","Camping Vogesenblick"
"71",47.8250035,8.6557428,"Baden-Württemberg","Campingplatz Tengen"
"72",48.2946128,9.8632605,"Baden-Württemberg","Zeltplatz DLRG"
"73",48.078551,9.1284357,"Baden-Württemberg","Jugendzeltplatz"
"74",47.7104446,9.0787185,"Baden-Württemberg","Camping am See"
"75",48.6238905,9.1462458,"Baden-Württemberg","Waldjugendzeltplatz Jungviehweide"
"76",47.8251963,9.536897,"Baden-Württemberg",NA
"77",48.7283752,9.4813539,"Baden-Württemberg",NA
"78",48.0636082,8.965302,"Baden-Württemberg","Jugendzeltplatz Irndorf"
"79",48.7803616,10.2729114,"Baden-Württemberg",NA
"80",47.5625821,7.9546381,"Baden-Württemberg","Isele Hof"
"81",48.8599673,9.8132674,"Baden-Württemberg","Zeltplatz RehnenmÃ¼hle"
"82",49.5893661,9.3073259,"Baden-Württemberg","Jugendzeltplatz"
"83",48.2680242,8.238069,"Baden-Württemberg","Zur MÃ¼hle"
"84",48.6319423,8.3170315,"Baden-Württemberg","Campingplatz Erbersbronn"
"85",49.2543578,8.4288093,"Baden-Württemberg","DKV-Campingplatz"
"86",49.3075605,9.4625569,"Baden-Württemberg","Jagstinsel WÃ¶rd"
"87",48.5821833,13.4730544,"Bayern","Zeltplatz Ilzstadt"
"88",49.7661061,9.1785745,"Bayern","Aqua Camping"
"89",49.8864623,9.5704277,"Bayern",NA
"90",48.6689242,10.699726,"Bayern","Zeltplatz Kreisjugendring Donau-Ries"
"91",49.4732947,10.7611968,"Bayern","Zum Eichensee"
"92",49.7696142,11.4930954,"Bayern","Zeltplatz Pfadfinderheim"
"93",49.7690557,11.4913711,"Bayern",NA
"94",49.6026056,11.2809351,"Bayern",NA
"95",48.4142043,10.4251794,"Bayern","Campingplatz Burgauer See"
"96",49.7672391,10.5141064,"Bayern","KJR Zeltplatz HutzelmÃ¼hle"
"97",49.5436463,10.224459,"Bayern",NA
"98",48.3928958,9.9899594,"Bayern","Zeltplatz Kanufahrer"
"99",49.2999237,12.7764715,"Bayern","Campingplatz Waldesruh"
"100",48.8919551,10.9989399,"Bayern","Die AktivMÃ¼hle"
"101",49.9320693,11.5881823,"Bayern",NA
"102",48.8840804,10.7363593,"Bayern","Campingplatz Waldsee"
"103",49.6853009,11.4025375,"Bayern","Camping Betzenstein"
"104",48.133437,10.2439536,"Bayern",NA
"105",49.7800791,9.9274266,"Bayern","Campingplatz Kanu-Club"
"106",49.9910893,10.5795531,"Bayern","Campingplatz Sand am Main"
"107",49.2354422,11.4532422,"Bayern","Ã–lkuchenmÃ¼hle"
"108",47.8540492,10.1464684,"Bayern","Umweltstation UnterallgÃ¤u"
"109",50.1910122,10.1246347,"Bayern","Aussteller-Camp"
"110",49.9035154,10.8736851,"Bayern","Bamberger Faltboot-Club"
"111",48.1884911,11.2962042,"Bayern","Freie Sportgemeinschaft Amperland e. V."
"112",47.7636247,10.9938897,"Bayern","Lugenau"
"113",47.7798583,11.3157954,"Bayern","Fohnsee Camping"
"114",49.8609322,11.7366212,"Bayern","Campingplatz Herrenwald"
"115",49.8456352,10.4813752,"Bayern","Campingplatz Weihersee"
"116",49.7730088,11.3745133,"Bayern","Zeltplatz der Kolpingsfamilie MÃ¼nchberg"
"117",49.7981344,11.3755301,"Bayern","Campingplatz JurahÃ¶he"
"118",49.0192928,10.9968539,"Bayern","Am alten Badeweiher"
"119",48.9720435,10.7266333,"Bayern","Campingplatz HasenmÃ¼hle"
"120",49.7827475,11.3666543,"Bayern","Campingplatz FrÃ¤nkische Schweiz"
"121",49.7395652,11.3455865,"Bayern","Kormershof"
"122",48.8276563,11.0923698,"Bayern","Jugendzeltplatz Wellheim"
"123",49.5222406,10.1240762,"Bayern","Camping Paradies Franken"
"124",49.694792,10.9478264,"Bayern","VCP Hemhofen Zeltplatz"
"125",47.6927936,11.1714894,"Bayern","Camping Insel Buchau am Staffelsee"
"126",48.5690426,10.5018986,"Bayern","Donaucamping"
"127",47.7166373,12.4786912,"Bayern","Campingplatz Litzelau"
"128",48.4121688,10.9231635,"Bayern","Campingplatz Augsburg"
"129",50.0044892,10.5512884,"Bayern","Selbstversorger-Campingplatz am Kleidersee"
"130",48.2272601,10.2921947,"Bayern","See Camping GÃ¼nztal"
"131",50.0637615,10.0095895,"Bayern","Zeltplatz WÃ¼lfershausen"
"132",48.145782,10.5765615,"Bayern","Campingplatz Settele"
"133",50.3384278,9.9895236,"Bayern","Waldberg RhÃ¶n"
"134",50.0656195,8.9912974,"Bayern","Campingplatz Kahl am Main"
"135",48.3838196,10.579891,"Bayern","Zeltplatz RÃ¼cklenmÃ¼hle"
"136",49.1893019,11.1245037,"Bayern",NA
"137",50.067839,10.7500309,"Bayern","Jugendzeltplatz Reutersbrunn"
"138",49.9989191,9.5841443,"Bayern","Campingplatz Mainufer"
"139",50.0612301,9.6945118,"Bayern","Campingplatz Saale-Insel"
"140",50.194351,10.8372199,"Bayern","Camping Sonnland"
"141",49.7903402,11.2045901,"Bayern","Campingplatz RothenbÃ¼hl"
"142",49.4140473,10.3238238,"Bayern","Jugendzeltplatz AltmÃ¼hlsprung"
"143",49.7693342,9.3424325,"Bayern","Camping Maintal"
"144",48.5536808,11.0690092,"Bayern","Mandlachsee (Kreisjugendring Aichach Friedberg)"
"145",48.4441322,10.2997279,"Bayern","Naturfreundehaus"
"146",47.9291042,12.8020509,"Bayern","Campingplatz-Strandbad Wagner"
"147",49.0832598,13.2453071,"Bayern","Wildniscamp am Falkenstein"
"148",49.7455978,11.4268966,"Bayern","Jugendzeltplatz Altenhof"
"149",48.5545249,12.1801791,"Bayern","Campingplatz Landshut/MitterwÃ¶hr"
"150",49.023422,13.1576021,"Bayern","Campingplatz Waldhof"
"151",47.5959196,9.7211198,"Bayern","Zeltplatz Sauters"
"152",49.9840389,11.6426533,"Bayern",NA
"153",49.2163417,12.579248,"Bayern",NA
"154",47.6428518,10.5690821,"Bayern","Jugendzeltplatz Paulsteiner"
"155",48.201922,11.1735111,"Bayern","Jugendzeltplatz"
"156",48.5803635,11.5799339,"Bayern","Zeltplatz KJR Eschelbach"
"157",47.5921853,10.7728762,"Bayern","Camping Bannwaldsee"
"158",50.0652816,10.1290615,"Bayern","Pfadfinder Zeltplatz"
"159",49.3225381,10.369212,"Bayern","Pfetzendorfer Weiher"
"160",49.6410586,11.161467,"Bayern",NA
"161",50.0166358,10.447917,"Bayern","Zeltplatz Obertheres"
"162",48.724082,10.7694746,"Bayern","DKV Zeltplatz DonauwÃ¶rth"
"163",49.474186,11.2977264,"Bayern","Camping Haimendorf"
"164",49.9288253,9.1937404,"Bayern","Pfadfinder Schweinheim"
"165",49.8582471,12.1014122,"Bayern","Camplingplatz Erlenweiher"
"166",49.857324,12.1030048,"Bayern","Camplingplatz Erlenweiher"
"167",49.9415787,9.2267689,"Bayern","Zeltplatz Gailbach"
"168",48.41467,13.1305532,"Bayern","Vital Camping"
"169",49.7083373,12.1425365,"Bayern","SchÃ¤tzlerbad"
"170",47.928233,12.8027472,"Bayern","Camping-Stadler"
"171",49.8949417,11.8573645,"Bayern","Zeltplatz"
"172",49.9705422,12.4447932,"Bayern","Campingplatz PlatzermÃ¼hle"
"173",49.057815,11.905174,"Bayern",NA
"174",49.7821091,11.3852481,"Bayern","Jugendzeltplatz Weidmannsgesees"
"175",49.2728883,11.4846052,"Bayern","Pfadfinderzentrum Neumarkt i.d.OPf."
"176",48.0464865,11.1794689,"Bayern",NA
"177",49.0786222,13.2074159,"Bayern","Camping Heiner"
"178",47.6897525,12.7992994,"Bayern",NA
"179",48.6222166,10.5166794,"Bayern","Camping MÃ¶rslingen"
"180",50.2096906,12.0968738,"Bayern","Campingplatz SchÃ¶nwald"
"181",49.9724426,12.2260864,"Bayern","Campingplatz GroÃŸbÃ¼chlberg"
"182",47.4233495,10.2786691,"Bayern","Campingplatz Rubi-Camp"
"183",47.6925808,11.1653382,"Bayern","JugendfreizeitgelÃ¤nde Lindenbichl"
"184",50.050829,9.202713,"Bayern","Zeltplatz Schimborn"
"185",50.1949721,9.7946832,"Bayern","SippachsmÃ¼hle"
"186",47.9211165,12.7937608,"Bayern","Camping ""Ferienpark Hainz am See"""
"187",49.7597093,9.1799228,"Bayern","Campingplatz Mainwiese"
"188",50.3209066,9.9404459,"Bayern","Zeltplatz Totnansberg"
"189",47.7507949,11.500286,"Bayern","Campingplatz Demmelhof"
"190",49.1989718,12.5137558,"Bayern","Zeltplatz Roding"
"191",48.6483914,13.5519225,"Bayern",NA
"192",47.6981503,11.1607143,"Bayern",NA
"193",49.3218786,12.3672821,"Bayern",NA
"194",49.0725815,11.8589842,"Bayern",NA
"195",48.6387645,13.1794341,"Bayern","Donauparkplatz"
"196",47.6507509,10.7375466,"Bayern",NA
"197",49.9116515,12.1445534,"Bayern","Campingplatz Waldbadeweiher"
"198",48.2122905,12.9489988,"Bayern",NA
"199",48.6390994,13.1857082,"Bayern","Campingplatz Vilshofen"
"200",50.1082028,11.8771007,"Bayern",NA
"201",48.8454592,12.862123,"Bayern","Schreiber Wilhelm"
"202",49.5609767,11.8882107,"Bayern","Sonnenhof Regler"
"203",48.7371058,10.5600231,"Bayern","Jugendzeltlagerplatz am Michelsberg"
"204",49.2122059,10.1782751,"Bayern",NA
"205",48.790078,13.3846897,"Bayern","(Privat)"
"206",48.4872268,10.2572811,"Bayern","Camping Gutshof Donauried"
"207",48.1680324,11.5021283,"Bayern","The Tent"
"208",48.0291954,11.1991986,"Bayern","Camping Pilsensee"
"209",49.8249911,11.3408179,"Bayern",NA
"210",47.5946953,12.9863245,"Bayern","Camping Grafenlehen"
"211",49.4650644,12.1908139,"Bayern",NA
"212",47.8918485,12.7746317,"Bayern","Camping auf dem Bauernhof"
"213",49.0084255,13.276067,"Bayern","Campingplatz Green Village"
"214",47.5175082,10.4216808,"Bayern",NA
"215",48.9738676,12.6884246,"Bayern","Jugendzeltplatz"
"216",49.5943935,9.2500342,"Bayern","Jugendzeltplatz"
"217",49.0293998,12.0705239,"Bayern","Zeltplatz Regensburger Kanu-Club e.V."
"218",47.9430479,12.7472713,"Bayern","Strandcamping Waging am See Rezeption"
"219",49.1564006,12.1449335,"Bayern",NA
"220",49.7443785,11.0436292,"Bayern","Jugendzeltplatz der Stadt Forchheim"
"221",50.2402497,10.7942355,"Bayern","Zeltplatz Autenhausen"
"222",50.0262018,10.5162037,"Bayern","Camping Naturfreunde HaÃŸfurt"
"223",50.0456672,10.2466192,"Bayern","DJK Schweinfurt"
"224",52.4370652,13.7594434,"Berlin","Naturfreunde Springeberg"
"225",52.4537452,13.1136406,"Berlin","DCC-Campingplatz Kladow"
"226",52.5830699,13.212634,"Berlin","BÃ¼rgerablage (BCC)"
"227",52.3889388,13.6832086,"Berlin","Kanu - Naturcamping"
"228",52.5623283,13.2491482,"Berlin","Zeltplatz Saatwinkel"
"229",52.3716818,13.6523175,"Berlin","Campingplatz FSV Zeuthner See, Halbjahrescamp-Sommer"
"230",53.2203965,13.3037368,"Brandenburg","Wurlsee Camping Lychen"
"231",52.4193616,13.8322447,"Brandenburg","Naturcampingplatz MÃ¶lle-SÃ¼d-Camp"
"232",52.4220678,13.8373602,"Brandenburg","Campingplatz am Peetzsee"
"233",53.1960833,12.9492453,"Brandenburg","VCP Bundeszeltplatz"
"234",52.9758665,12.9824706,"Brandenburg","Camping"
"235",52.3861314,13.7781227,"Brandenburg","Campingplatz JÃ¤gerbude"
"236",52.1579786,12.9234994,"Brandenburg","Gartenidylle"
"237",53.1517959,13.0468968,"Brandenburg",NA
"238",52.265874,13.6551074,"Brandenburg","Campingdomizil KÃ¶rbiskrug"
"239",52.1122564,13.7632988,"Brandenburg","Wasserwanderrastplatz MÃ¤rkisch Buchholz"
"240",51.4323997,13.2099689,"Brandenburg","Bootshaus SV Empor MÃ¼hlberg e.V."
"241",52.9829836,11.7746024,"Brandenburg","Bootshaus WSV Wittenberge OT Garsedow"
"242",53.0054231,11.7321215,"Brandenburg","Friedensteich"
"243",52.277233,14.5033132,"Brandenburg","Zeltplatz"
"244",52.3998693,13.1796645,"Brandenburg","Hettler & Lange"
"245",52.1652387,13.6347281,"Brandenburg","Kinder- u. Jugenddorf Rankenheim"
"246",52.7598584,14.1271664,"Brandenburg","Biwakplatz Neugaul"
"247",51.5450029,13.9246802,"Brandenburg","Micha's Race Camp"
"248",51.5232875,13.9622119,"Brandenburg","Campotel am Lausitzring"
"249",52.3453394,12.7254803,"Brandenburg","Klause am See"
"250",53.2623031,13.8491361,"Brandenburg","Box Berlin-Usedom"
"251",52.959007,11.815188,"Brandenburg","Wasserwanderrastplatz in den Bootsanlagen Hinzdorf"
"252",53.0401065,11.6422599,"Brandenburg","Bootsclub Cumlosen (Campinggelegenheit)"
"253",52.1123521,14.0218423,"Brandenburg","Wasserwanderrastplatz Werder"
"254",52.95106,13.8392594,"Brandenburg","Campingplatz Sassenpfuhl"
"255",52.2773219,13.0174559,"Brandenburg","Campingplatz ICANOS e.V."
"256",53.0219408,13.9443484,"Brandenburg","Camping am Wolletzsee"
"257",53.1291123,13.5503147,"Brandenburg","Naturcamp FÃ¤hrsee"
"258",52.111485,14.2091537,"Brandenburg",NA
"259",52.32233,12.73729,"Brandenburg","Ferien Freizeitanlage Lehnin"
"260",52.2719055,13.0576585,"Brandenburg","D-135"
"261",53.2428881,13.3928629,"Brandenburg","Kolbatzer MÃ¼hle"
"262",51.4899288,14.0359657,"Brandenburg","Zeltwiese am Wassersportzentrum"
"263",52.9907045,11.7431486,"Brandenburg","Campinggelegenheit am Sportboothafen Wittenberge (Sportbootanger Nedwighafen)"
"264",53.0793213,11.4641975,"Brandenburg","Campinggelegenheit am Sportboothafen Lenzen"
"265",52.1819887,14.4429122,"Brandenburg","Campingplatz am Schervenzsee"
"266",53.1854199,12.6215873,"Brandenburg",NA
"267",52.1563739,13.6186987,"Brandenburg","Camping-Club Schweriner See"
"268",52.8571224,13.6604807,"Brandenburg","Ferienpark Ãœdersee"
"269",52.2775385,14.4961812,"Brandenburg","Jugendzeltplatz"
"270",52.2771572,14.4993676,"Brandenburg","Gruppenzeltplatz"
"271",53.2096953,13.3444544,"Brandenburg","Biwakplatz Fegefeuer"
"272",53.170499,13.3889553,"Brandenburg","Zeltplatz"
"273",53.2216507,13.3772633,"Brandenburg","Biwakplatz KÃ¼strinchen"
"274",53.1540926,13.5444256,"Brandenburg","Gleuensee"
"275",52.0910887,14.2009862,"Brandenburg",NA
"276",53.0067261,12.8202754,"Brandenburg","Zeltplatz Stendenitz"
"277",52.105579,14.1205359,"Brandenburg","Wasserwanderrastplatz Briescht"
"278",52.1638532,14.2401852,"Brandenburg","Camping im Spree-Park"
"279",51.8574123,14.0388744,"Brandenburg","Wasserwanderrastplatz Spreewaldhof"
"280",52.2313665,14.4227306,"Brandenburg","Campingplatz"
"281",52.3863213,12.4963542,"Brandenburg","Buhnenhaus"
"282",52.0042184,14.6945132,"Brandenburg","Camping"
"283",52.7543429,13.5184854,"Brandenburg","Campingplatz am Liepnitzsee"
"284",52.3318529,12.9346269,"Brandenburg",NA
"285",52.1366855,14.4576687,"Brandenburg","Campingplatz ""GroÃŸer Treppelsee"""
"286",53.0184492,12.8131045,"Brandenburg","Am RottstielflieÃŸ"
"287",52.2722873,13.8247856,"Brandenburg","Wasserwanderrastplatz Wolzig"
"288",52.7587861,13.2347652,"Brandenburg",NA
"289",52.2649793,14.5777994,"Brandenburg","Zeltplatz"
"290",52.3147934,12.9447437,"Brandenburg","Ferch"
"291",52.0902049,14.4267843,"Brandenburg","Campingfreunde Chossewitz e.V."
"292",52.0648738,14.1989983,"Brandenburg","BirkenwÃ¤ldchen"
"293",52.5448519,14.08426,"Brandenburg","Waldsieversdorf"
"294",52.2099679,13.5671448,"Brandenburg","Am Motzener See"
"295",52.3602919,12.9167904,"Brandenburg",NA
"296",52.8407335,13.8999216,"Brandenburg","Triangel Tours Camping"
"297",52.9605861,11.8210739,"Brandenburg","Zeltplatz Hinzdorf"
"298",52.0495837,12.6215058,"Brandenburg","Camping Hoher FlÃ¤ming"
"299",51.7817566,13.7095113,"Brandenburg","Campingplatz Waldbad Bornsdorf und Waldrestaurant"
"300",53.0318057,13.3117183,"Brandenburg","Camping Marina Alter Hafen"
"301",53.0328652,13.3119077,"Brandenburg","Camping Alter Hafen"
"302",53.1677998,13.2348536,"Brandenburg","Camping Himmelpfort"
"303",52.8498753,12.8610527,"Brandenburg","Campingplatz am Ruppiner See"
"304",52.8496745,12.8620398,"Brandenburg","Zum Roten Milan"
"305",53.1660663,12.8740695,"Brandenburg",NA
"306",52.2303958,14.5936083,"Brandenburg","Camping-KrÃ¼ger"
"307",52.3304564,12.7451973,"Brandenburg","Strandbad Lehnin"
"308",51.3728974,13.7795245,"Brandenburg","Ferienpark Dresden (Kroppen)"
"309",53.0070678,13.3218997,"Brandenburg","Wallapoint.de Camp"
"310",52.9304153,12.4483895,"Brandenburg","Knattercamping"
"311",52.6056985,14.4547808,"Brandenburg","Oderbruch Camp-Zechin"
"312",52.257186,14.0480794,"Brandenburg","Campingplatz am Westufer des ScharmÃ¼tzelsee"
"313",51.9642823,14.5319976,"Brandenburg","Campingplatz Pinnower See"
"314",52.3958488,13.9179593,"Brandenburg","Wasserwanderplatz Hangelsberg"
"315",52.0061933,13.8753187,"Brandenburg","Wasserwanderrastplatz Petkamsberg"
"316",52.3615644,14.0545778,"Brandenburg","Ruderclub FÃ¼rstenwalde"
"317",53.0156811,12.8269115,"Brandenburg","GroÃŸer Rehwinkel"
"318",53.019055,12.8214921,"Brandenburg","Campingplatz Tornow"
"319",52.1108224,14.0663481,"Brandenburg","Wasserwanderplatz Kossenblatt"
"320",53.0492436,13.5330102,"Brandenburg","Schorfheide Camp"
"321",52.0782028,14.2286752,"Brandenburg","Camping Niewisch"
"322",52.8198823,13.5816168,"Brandenburg","camping only for bikers"
"323",52.8198629,13.583843,"Brandenburg","camping for all"
"324",52.8192828,13.5771748,"Brandenburg","Familiencamping Ruhlesee"
"325",52.5232577,12.3088696,"Brandenburg","Biwakplatz Milow"
"326",52.5012508,12.6641137,"Brandenburg","Campingplatz Flachsberg"
"327",52.3045041,14.2258084,"Brandenburg","Forsthaus an der Spree"
"328",52.4240649,14.5407192,"Brandenburg","Bikers Inn"
"329",52.5843498,14.6125147,"Brandenburg","Camping Site - Fischereihof Schneider"
"330",52.6771584,14.4359476,"Brandenburg","Naturerlebnishof Uferloos"
"331",52.9455491,13.7880526,"Brandenburg",NA
"332",52.8110708,13.5014207,"Brandenburg","SchÃ¶nmacher Camping"
"333",51.4339278,13.2093286,"Brandenburg","Wasserwanderraststation MÃ¼hlberg/Elbe"
"334",53.0571394,14.2983073,"Brandenburg","Wassersportzentrum PCK Schwedt"
"335",52.061646,13.8517153,"Brandenburg","Wasserwanderrastplatz Wasserburg"
"336",52.0286265,13.8866463,"Brandenburg","Wasserwanderrastplatz Schlepzig"
"337",51.8709196,13.9768588,"Brandenburg","Wasserwanderrastplatz LÃ¼bbenau"
"338",53.0609743,13.271912,"Brandenburg","Campingplatz am GroÃŸen Wentowsee"
"339",51.6448477,14.4148475,"Brandenburg","Spreecamp Bagenz, Rezeption"
"340",52.2122841,13.1954495,"Brandenburg",NA
"341",52.7925122,14.1558348,"Brandenburg","Oderbruch-Camping"
"342",52.674118,14.4420904,"Brandenburg","Gasthof zum Hafen"
"343",52.8638091,14.070615,"Brandenburg","Marina Oderberg"
"344",53.0904255,13.6021912,"Brandenburg","Kleine Hofwirtschaft"
"345",53.0736594,13.6215579,"Brandenburg","GÃ¤stehaus AhlimbsmÃ¼hle"
"346",51.4596395,14.0196681,"Brandenburg","Jugendcamp"
"347",52.0599631,13.8907521,"Brandenburg","Platz fÃ¼r Zelte/Wasserwandern. Anmeldung/Duschen:Ploch-Camping"
"348",53.2197787,8.4964577,"Bremen",NA
"349",53.9214005,8.5010416,"Hamburg","Freizeitcamp Neuwerk"
"350",50.1980379,8.4365887,"Hessen",NA
"351",50.457491,8.2921922,"Hessen","Freienfelser Ritterspiele"
"352",50.5242366,9.8652223,"Hessen","Steinwand"
"353",50.4066154,8.1511815,"Hessen","Lahntours-Campingplatz Runkel"
"354",50.8841316,10.0210439,"Hessen","Campingplatz Werratal Heringen"
"355",49.6069242,8.9662616,"Hessen","Meisengrund"
"356",51.2859115,9.6193729,"Hessen","V+E-WOMO Stellplatz Kaufungen"
"357",51.1747564,8.8906253,"Hessen","Camping- & Ferienpark Teichmann"
"358",51.3559851,9.386277,"Hessen",NA
"359",51.0040616,9.69506,"Hessen","Stellplatz Braach"
"360",51.2039752,10.0478023,"Hessen","Campingplatz Meinhardsee"
"361",51.1502511,10.1730789,"Hessen","Campingplatz Wartried"
"362",50.7317667,8.2630243,"Hessen","Meerbornsheide"
"363",51.0256582,9.5791128,"Hessen","Campingplatz Alte MÃ¼hle"
"364",51.2694856,9.2530036,"Hessen","Ferienanlage Erzeberg"
"365",49.5800089,8.4914549,"Hessen","Naturfreundehaus Lampertheim"
"366",51.0782854,9.5484899,"Hessen","Campingplatz Schwimmbad-CafÃ© BeisefÃ¶rth"
"367",50.3067471,9.6625399,"Hessen","Campingplatz HopfenmÃ¼hle"
"368",50.3812687,9.7138881,"Hessen","Campingplatz Birkenhain"
"369",50.6728878,9.6087889,"Hessen","HofcafÃ© PletschmÃ¼hle"
"370",50.4844074,8.051088,"Hessen","Camping LochmÃ¼hle"
"371",49.5695726,9.0738664,"Hessen","Jugendzeltplatz"
"372",51.3580247,8.7226083,"Hessen","Jugendzeltplatz"
"373",51.3726563,8.7050118,"Hessen","Campingplatz ""Seehof Knust"""
"374",50.4802586,8.2649217,"Hessen","Jugendzeltplatz"
"375",51.1819321,9.0139135,"Hessen","Camping Zur FÃ¤hre"
"376",50.6142294,8.141922,"Hessen","Campingplatz MademÃ¼hlen"
"377",50.8320781,8.5074739,"Hessen",NA
"378",51.5927197,9.5890908,"Hessen",NA
"379",50.9962425,9.132515,"Hessen","Campingplatz Jesberg"
"380",51.5724027,9.4246895,"Hessen","Campingplatz Conradi"
"381",51.150952,9.7917156,"Hessen","Haus der Jugend"
"382",51.1395262,9.8681235,"Hessen",NA
"383",51.1394387,9.8683703,"Hessen",NA
"384",51.3222125,9.9107013,"Hessen",NA
"385",49.7679673,8.4370224,"Hessen","Zeltplatz der Gemeinde Biebesheim"
"386",49.7679327,8.4337715,"Hessen","Privater Campingplatz"
"387",49.8262971,8.4769038,"Hessen","Naturfreundehaus"
"388",50.1164001,9.4635391,"Hessen",NA
"389",50.4997264,9.951925,"Hessen","Camp ErNa (Erholung und Natur)"
"390",50.0232195,9.0217015,"Hessen","Seecamping Mainflingen"
"391",49.8450389,9.02629,"Hessen","Jugendzeltplatz Wald-Amorbach"
"392",50.6521606,9.7250177,"Hessen","Knaus Campingpark HÃ¼nfeld (Praforst)"
"393",49.7763929,8.8068334,"Hessen","Odenwaldidyll"
"394",49.8608741,8.4276637,"Hessen","Freizeitzone Riedsee"
"395",49.8618769,8.426116,"Hessen","Freizeitzone Riedsee"
"396",50.5409474,9.8764937,"Hessen",NA
"397",50.0361903,8.2062446,"Hessen","Rettbergsaue Schierstein"
"398",51.6075418,9.4290828,"Hessen",NA
"399",49.6872607,8.4017283,"Hessen","Campingplatz am Tamburinsee"
"400",51.2507381,9.160272,"Hessen","MÃ¤rchen-Camping Naumburg"
"401",50.1512738,8.9564629,"Hessen","Campingplatz BÃ¤rensee"
"402",50.5581774,8.2852913,"Hessen","Tipidorf Outdoor Zentrum Lahntal"
"403",49.4351284,8.8511497,"Hessen",NA
"404",49.632919,8.8302572,"Hessen",NA
"405",50.57206,8.5083,"Hessen","Campingplatz Wetzlar-Niedergirmes"
"406",50.6072833,8.6692563,"Hessen","MÃ¤nnerbadeverein GieÃŸen"
"407",50.5280259,9.8784439,"Hessen",NA
"408",51.1815642,8.9551156,"Hessen","Bio-Bauernhof mit Caravan-Vermietung"
"409",50.178665,9.0703067,"Hessen",NA
"410",50.3677013,9.607499,"Hessen",NA
"411",53.924477,13.4134227,"Mecklenburg-Vorpommern","Wasserwanderrastplatz GÃ¼tzkow"
"412",54.3390921,12.8323761,"Mecklenburg-Vorpommern",NA
"413",54.5435788,13.5219006,"Mecklenburg-Vorpommern","Campingoase Boddenblick"
"414",53.1921755,11.3764402,"Mecklenburg-Vorpommern","Camping Neu GÃ¶hren"
"415",53.1928783,13.0365924,"Mecklenburg-Vorpommern","NaturCamping am Ellbogensee"
"416",53.1955228,11.3413459,"Mecklenburg-Vorpommern","Am Wiesengrund"
"417",54.1398536,13.7179091,"Mecklenburg-Vorpommern","Waldcamp Freest"
"418",53.4498445,14.2210691,"Mecklenburg-Vorpommern","Campingplatz Waldblick"
"419",53.7166145,11.8337763,"Mecklenburg-Vorpommern",NA
"420",54.2519777,13.0195115,"Mecklenburg-Vorpommern",NA
"421",53.4173416,12.9544961,"Mecklenburg-Vorpommern","Naturfreund"
"422",53.3593926,12.9383909,"Mecklenburg-Vorpommern","Fischerhaus"
"423",53.3318822,12.9565468,"Mecklenburg-Vorpommern","Camping Useriner See"
"424",53.3100006,13.4789696,"Mecklenburg-Vorpommern","C38"
"425",53.6616709,12.5850443,"Mecklenburg-Vorpommern","Campingplatz Dahmen"
"426",53.3089387,13.0031146,"Mecklenburg-Vorpommern","Camping- & Ferienpark Havelberge"
"427",53.4606065,12.0261344,"Mecklenburg-Vorpommern","Stadtmarina"
"428",53.4208354,12.6253286,"Mecklenburg-Vorpommern","MÃ¼ritz-Camp ""Nitschow"""
"429",53.6931831,12.0635838,"Mecklenburg-Vorpommern",NA
"430",53.2797442,12.9844894,"Mecklenburg-Vorpommern","Campingplatz & BlockhÃ¼tten Kanu-MÃ¼hle"
"431",53.4420091,12.3134378,"Mecklenburg-Vorpommern",NA
"432",54.3387252,12.9408575,"Mecklenburg-Vorpommern",NA
"433",53.3753212,12.768209,"Mecklenburg-Vorpommern","C 15 Bolter Ufer"
"434",53.3472322,12.9219688,"Mecklenburg-Vorpommern","Campingplatz ""Zum HexenwÃ¤ldchen"""
"435",53.5154089,13.2052566,"Mecklenburg-Vorpommern","Gatsch Eck"
"436",54.3796752,12.6614122,"Mecklenburg-Vorpommern","NATURCAMP Pruchten"
"437",53.2524309,12.908853,"Mecklenburg-Vorpommern","FKK-Camping am RÃ¤tzsee"
"438",53.1968323,12.9326991,"Mecklenburg-Vorpommern","Campingplatz PÃ¤litzsee"
"439",54.40309,12.4915073,"Mecklenburg-Vorpommern","Campingplatz der Jugendherberge Born-Ibenhof"
"440",54.3697027,12.7599472,"Mecklenburg-Vorpommern","Zeltplatz Jugendherberge Barth/Reiterhof"
"441",54.4542575,13.5657193,"Mecklenburg-Vorpommern","Jugendzeltplatz Prora"
"442",54.5690668,13.6127649,"Mecklenburg-Vorpommern","KrÃ¼ger Naturcamping"
"443",53.2765838,12.6499142,"Mecklenburg-Vorpommern","Buchholz-Camp"
"444",53.4317773,12.5814228,"Mecklenburg-Vorpommern","Campingplatz ""Sietower Bucht"""
"445",53.3893326,12.7861859,"Mecklenburg-Vorpommern","MÃ¼ritzparadies - Naturcamping Bieker MÃ¼hle"
"446",53.5868396,12.1087464,"Mecklenburg-Vorpommern","Campingplatz ""Am Goldberger See"""
"447",53.590225,12.2127412,"Mecklenburg-Vorpommern",NA
"448",53.5225904,12.3182646,"Mecklenburg-Vorpommern","""Camping am See"" Alt Schwerin"
"449",53.7623923,14.0096636,"Mecklenburg-Vorpommern","Ostsee-Campingpark Oderhaff"
"450",53.3549405,12.6884381,"Mecklenburg-Vorpommern","Campingplatz ""Zielow an der MÃ¼ritz"""
"451",53.9610801,13.2257805,"Mecklenburg-Vorpommern","Wasserwanderrastplatz Alt Plestlin"
"452",53.2153149,13.0336318,"Mecklenburg-Vorpommern","Camping Havelperle"
"453",53.2206144,12.8631886,"Mecklenburg-Vorpommern","Ferienidyll am RÃ¤tzsee (FKK)"
"454",54.670819,13.2851881,"Mecklenburg-Vorpommern","Ostsee BÃ¼hne"
"455",53.8427681,13.8489091,"Mecklenburg-Vorpommern","Wasserwanderrastplatz Kamp"
"456",53.9170889,13.0281471,"Mecklenburg-Vorpommern","Wasserwanderrastplatz Kanuhaus"
"457",53.2317671,11.4256851,"Mecklenburg-Vorpommern",NA
"458",53.9299075,11.2712602,"Mecklenburg-Vorpommern",NA
"459",53.2137639,12.8796529,"Mecklenburg-Vorpommern","C24 Naturcampingplatz am Labussee"
"460",53.4936273,12.6601624,"Mecklenburg-Vorpommern",NA
"461",53.3946376,10.7391463,"Mecklenburg-Vorpommern","Zelt- und Freizeitplatz"
"462",53.2078317,13.0719551,"Mecklenburg-Vorpommern","Campingplatz C46 Am Ziernsee"
"463",53.2128369,13.0788913,"Mecklenburg-Vorpommern","Feriencamp Rackwitz"
"464",54.1380079,13.7210429,"Mecklenburg-Vorpommern","Campingplatz an der PeenemÃ¼ndung"
"465",53.9314583,11.2940871,"Mecklenburg-Vorpommern",NA
"466",53.2484897,13.0861581,"Mecklenburg-Vorpommern","Am SÃ¤gewerk"
"467",53.7846461,11.8385407,"Mecklenburg-Vorpommern",NA
"468",53.1787338,11.2997047,"Mecklenburg-Vorpommern","Wasserwanderrastplatz Finds hier"
"469",53.3159729,12.7172647,"Mecklenburg-Vorpommern","Baumhauscamp"
"470",53.7483503,11.0359427,"Mecklenburg-Vorpommern","Storchenhof Ciconia"
"471",53.2760438,12.9868974,"Mecklenburg-Vorpommern",NA
"472",53.9222971,13.4238389,"Mecklenburg-Vorpommern",NA
"473",54.1657114,12.5908039,"Mecklenburg-Vorpommern","Wasserwanderrastplatz Marlow"
"474",54.2213561,12.5448415,"Mecklenburg-Vorpommern","Wasserwanderrastplatz Pantlitz"
"475",54.2335703,12.5258354,"Mecklenburg-Vorpommern","Wasserwanderrastplatz Daskow"
"476",53.4518031,11.7109997,"Mecklenburg-Vorpommern","Lewitzcamp Garwitz"
"477",53.9703579,13.1363193,"Mecklenburg-Vorpommern","Wasserwanderrastplatz Loitz"
"478",53.3014058,13.440432,"Mecklenburg-Vorpommern","Klein und Fein"
"479",54.0333213,11.5744912,"Mecklenburg-Vorpommern","FerienhÃ¤user & Campingplatz Weymann"
"480",54.0252093,12.4722226,"Mecklenburg-Vorpommern","Wasserrastplatz Tessin"
"481",53.9506366,13.8469908,"Mecklenburg-Vorpommern",NA
"482",53.1411501,11.2597791,"Mecklenburg-Vorpommern","Wasserwanderzentrum"
"483",54.0630245,13.9819191,"Mecklenburg-Vorpommern",NA
"484",54.0878319,13.4593915,"Mecklenburg-Vorpommern","Camping an der DÃ¤nischen Wiek"
"485",53.4374646,12.2881219,"Mecklenburg-Vorpommern","Campingpark Zuruf"
"486",54.1349434,13.761973,"Mecklenburg-Vorpommern",NA
"487",53.1929139,13.0365582,"Mecklenburg-Vorpommern",NA
"488",53.9334036,11.3098944,"Mecklenburg-Vorpommern",NA
"489",54.5685246,13.6163751,"Mecklenburg-Vorpommern",NA
"490",53.2423876,12.9513108,"Mecklenburg-Vorpommern",NA
"491",53.2946644,13.0818788,"Mecklenburg-Vorpommern",NA
"492",51.9077526,10.2792843,"Niedersachsen","Berghof"
"493",53.403463,8.5971319,"Niedersachsen","KjG Jugendzeltplatz Langendammsmoor"
"494",52.2988694,9.4695704,"Niedersachsen",NA
"495",52.5313065,7.849181,"Niedersachsen","Jugendzeltplatz Ankum-Aslage"
"496",51.7271877,10.2838038,"Niedersachsen",NA
"497",53.2848382,9.6847351,"Niedersachsen","Campingplatz Tostedt"
"498",53.1683387,10.6180499,"Niedersachsen","Campingplatz Aljarn"
"499",51.6447293,9.559221,"Niedersachsen","Campingverein Bodenfelde"
"500",52.8841959,8.8426267,"Niedersachsen","Camping Clues"
"501",51.8258597,9.4399389,"Niedersachsen","Mobilcamping Holzminden"
"502",51.6175746,10.4904833,"Niedersachsen","Wiesenbeker Teich"
"503",52.9976405,7.3084589,"Niedersachsen",NA
"504",53.6766935,8.8121214,"Niedersachsen",NA
"505",53.7401355,8.5169895,"Niedersachsen","Camping"
"506",53.7367904,8.522606,"Niedersachsen","Camping Grube"
"507",53.7255187,7.4020253,"Niedersachsen","NTB JugendbildungsstÃ¤tte"
"508",53.7650691,8.5358072,"Niedersachsen","Naturistenverein Wattenfreunde e. V. Cappel-Neufeld"
"509",51.7132707,10.5977317,"Niedersachsen","Camping Braunlage"
"510",53.1733141,7.4202306,"Niedersachsen","Freizeitpark am Emsdeich"
"511",53.5962603,9.5834347,"Niedersachsen","Campingplatz LÃ¼hesand"
"512",52.977826,7.7362602,"Niedersachsen","Campingplatz Heidehof"
"513",52.9346888,7.9336389,"Niedersachsen","Campingplatz Seeblick"
"514",52.6823812,9.8658419,"Niedersachsen","Campingplatz Wacholderpark"
"515",52.1150078,9.5339505,"Niedersachsen","RattenfÃ¤nger Platz am Ith"
"516",52.8991926,8.3545286,"Niedersachsen","AumÃ¼hle"
"517",53.4698475,8.4830396,"Niedersachsen","Camping-Club"
"518",53.0830009,9.1760389,"Niedersachsen","Campingplatz EikhÃ¶fe"
"519",53.1314663,9.1587513,"Niedersachsen","Heidehof"
"520",53.1878901,9.1042886,"Niedersachsen","Campingplatz â€žWÃ¼llenheideâ€œ"
"521",53.5975283,9.5847264,"Niedersachsen","LÃ¼hesand Zeltplatz DKV"
"522",52.1926982,10.8612545,"Niedersachsen","Campingplatz Nord-Elm"
"523",52.5085326,9.323863,"Niedersachsen","Bannsee"
"524",53.0405295,11.4163164,"Niedersachsen","Campingplatz Laascher See"
"525",53.3414584,10.4718697,"Niedersachsen","Campingplatz Am Wiesengrund"
"526",53.3426626,10.4713976,"Niedersachsen","Camping Am Reihersee"
"527",53.3423866,10.4675739,"Niedersachsen","Campingplatz Reihersee"
"528",53.2263537,10.9118489,"Niedersachsen","Campingplatz ""Elbufer"""
"529",53.2365173,10.8483263,"Niedersachsen","Elbtalcamping ""Mutter GrÃ¼n"""
"530",53.3473037,10.5730983,"Niedersachsen","Campingplatz Bullerby"
"531",53.3663924,10.5480911,"Niedersachsen","Campingplatz ""Elbestrand"""
"532",53.7505711,7.5359122,"Niedersachsen","Zeltlager Sportjugend Niedersachsen"
"533",51.9759619,9.8188299,"Niedersachsen","Zeltplatz SchlehberghÃ¼tte"
"534",52.0874533,9.5534202,"Niedersachsen","Naturfreundehaus Lauenstein"
"535",52.1477522,8.0920624,"Niedersachsen",NA
"536",52.5714933,7.7342549,"Niedersachsen","Campingplatz Maiburg"
"537",52.2924428,9.2872243,"Niedersachsen","Campingplatz Reinsdorf"
"538",52.8595845,7.3029605,"Niedersachsen","Campingplatz Lather Marsch"
"539",53.4220894,7.0160537,"Niedersachsen","Camping am Deich"
"540",52.3495573,10.8635545,"Niedersachsen","Jugendzeltplatz Almke"
"541",53.3087602,9.6184877,"Niedersachsen","Campingplatz Ferienzentrum Heidenau"
"542",52.8025079,10.1030481,"Niedersachsen","Campingplatz ""Am Ã–rtzetal"""
"543",51.6402808,9.8330533,"Niedersachsen","Campingplatz Hardegsen"
"544",52.9448349,8.2036888,"Niedersachsen","Campingplatz Sager Heide"
"545",52.1026962,10.138773,"Niedersachsen","Seecamp Derneburg - Rezeption"
"546",51.5200834,9.6947136,"Niedersachsen","Camping Niemetal"
"547",53.2097058,8.877402,"Niedersachsen",NA
"548",53.522097,8.235819,"Niedersachsen","Camping Park Knaus"
"549",52.696819,8.1312669,"Niedersachsen",NA
"550",51.8537751,9.6722674,"Niedersachsen","Campingplatz Wohnpark Brockenblick"
"551",53.3548442,7.9288768,"Niedersachsen","Campingplatz am KÃ¶nigssee"
"552",51.9730379,9.7617127,"Niedersachsen","Jugendzeltplatz HohenbÃ¼chen"
"553",51.4103626,9.6488922,"Niedersachsen",NA
"554",52.9939908,7.6697422,"Niedersachsen","Zeltplatz"
"555",52.9937256,7.6693211,"Niedersachsen","Zeltplatz"
"556",53.2375578,9.8203116,"Niedersachsen","Royal Rangers Tostedt - CampgelÃ¤nde Welle der Freien Christengemeinde"
"557",52.5803211,10.5318287,"Niedersachsen",NA
"558",52.9193646,10.127961,"Niedersachsen","Campingplatz Zum Oertzewinkel"
"559",52.4724879,7.3023183,"Niedersachsen",NA
"560",51.6987046,10.6243844,"Niedersachsen","Jugendzeltplatz BrunnenbachsmÃ¼hle"
"561",52.2420798,10.5223431,"Niedersachsen",NA
"562",52.2425173,10.5208679,"Niedersachsen",NA
"563",52.8749046,10.1935029,"Niedersachsen","Campingplatz Gerdehaus"
"564",52.9178889,7.9465174,"Niedersachsen","Campingplatz Einhaus"
"565",53.1541987,7.6438611,"Niedersachsen","Campingplatz am Idasee"
"566",53.5749042,8.6465253,"Niedersachsen","Campingplatz Spadener See"
"567",52.4851274,6.8631329,"Niedersachsen","Campingplatz ""Heideruh"""
"568",52.6512825,7.2303134,"Niedersachsen",NA
"569",52.9356211,8.3600524,"Niedersachsen",NA
"570",53.6030196,6.7285654,"Niedersachsen",NA
"571",53.3543138,7.9373054,"Niedersachsen","Campingplatz Astederfeld"
"572",52.3268191,7.3564568,"Niedersachsen","Campingplatz an der Ems Salzbergen"
"573",52.3719445,8.2295871,"Niedersachsen","Campingplatz Kronensse"
"574",51.9744321,9.6481315,"Niedersachsen","Ith"
"575",53.0301571,11.3081623,"Niedersachsen","Gedelitz Camp"
"576",52.8729408,7.5256551,"Niedersachsen","Jugendzeltplatz Windberg"
"577",53.1816716,10.7469746,"Niedersachsen","Campingplatz Elbtaulaue ""Im Dorn"""
"578",51.4101562,9.9786876,"Niedersachsen",NA
"579",52.6944865,7.3743854,"Niedersachsen",NA
"580",53.010258,8.925621,"Niedersachsen",NA
"581",51.4267883,9.8416847,"Niedersachsen",NA
"582",53.2153914,9.0955823,"Niedersachsen","Campingplatz Rethbergsee"
"583",51.6061741,10.5657077,"Niedersachsen","Campingpark Im Borntal"
"584",53.0444934,7.2290958,"Niedersachsen",NA
"585",52.9125117,9.2288178,"Niedersachsen","Wassersportverein Verden e.V."
"586",52.937239,7.9341401,"Niedersachsen","Campingplatz Wilken SeeblickstraÃŸe"
"587",52.9160927,7.9498847,"Niedersachsen","Campingplatz Waldesruh"
"588",52.9371096,7.9317798,"Niedersachsen","Campingplatz GÃ¶ken"
"589",51.4158952,9.6469951,"Niedersachsen","GrÃ¼ne Insel Tanzwerder"
"590",52.4978027,8.3575945,"Niedersachsen","Leckermeyer-Hannker"
"591",52.8321362,8.6663069,"Niedersachsen",NA
"592",52.9309368,7.6297499,"Niedersachsen","Campingplatz Vosseberg"
"593",52.9394596,7.6567865,"Niedersachsen","Zeltplatz HÃ¶vel"
"594",53.4339327,8.1191274,"Niedersachsen","Camping auf dem Bauernhof Dangaster Weide"
"595",53.4144162,8.2846774,"Niedersachsen",NA
"596",52.897964,8.5053597,"Niedersachsen",NA
"597",52.1879637,8.0729774,"Niedersachsen","Campingplatz Christa MÃ¶llenkamp"
"598",53.0164352,9.9229708,"Niedersachsen","MorÃ¤nasee Camping"
"599",52.6711118,10.6918839,"Niedersachsen","Campingplatz"
"600",53.4622179,8.8655712,"Niedersachsen",NA
"601",53.1838162,9.4872463,"Niedersachsen",NA
"602",52.5274819,8.3084373,"Niedersachsen",NA
"603",52.9998238,8.9871828,"Niedersachsen","Campingplatz FÃ¤hrhaus"
"604",51.7350052,10.3033807,"Niedersachsen","Campingplatz am SÃ¶sestausee"
"605",52.9412565,8.3256675,"Niedersachsen","Campingpark Gut Moorbeck"
"606",53.5176408,8.6777392,"Niedersachsen","LBU"
"607",53.0276702,11.1246075,"Niedersachsen","Green Camping"
"608",53.1630161,11.0481855,"Niedersachsen","RadlerCamping"
"609",53.5977695,9.5845118,"Niedersachsen","RdE Zeltplatz LÃ¼hesand"
"610",53.192131,11.0013612,"Niedersachsen","Camping Bankerhof"
"611",52.1865564,9.0597462,"Niedersachsen","Campingplatz Doktorsee Eingang"
"612",52.1927441,9.0861287,"Niedersachsen","Camping am Weserangerbad"
"613",51.6580648,6.3859587,"Nordrhein-Westfalen","Waldcamping Speetenkath"
"614",51.6597164,6.3967406,"Nordrhein-Westfalen","Campingplatz Bremer"
"615",51.214561,6.2269095,"Nordrhein-Westfalen","Campingplatz Brempt"
"616",51.5201977,6.5066857,"Nordrhein-Westfalen",NA
"617",51.5232313,6.5101396,"Nordrhein-Westfalen",NA
"618",50.6531805,6.4926433,"Nordrhein-Westfalen",NA
"619",50.6544266,6.4913301,"Nordrhein-Westfalen",NA
"620",50.7085422,7.2659283,"Nordrhein-Westfalen","Campingplatz Am Schwimmbad"
"621",51.8666357,8.6506817,"Nordrhein-Westfalen","Jugendzeltplatz"
"622",50.5493041,6.2213062,"Nordrhein-Westfalen","Jugendzeltplatz Dreistegen"
"623",50.6442417,6.1996808,"Nordrhein-Westfalen",NA
"624",50.9961786,7.373384,"Nordrhein-Westfalen","Bergische RhÃ¶n"
"625",51.7308958,6.273687,"Nordrhein-Westfalen","Internationaler Pfadfindertreffpunkt Kalkar"
"626",51.0959569,7.5379585,"Nordrhein-Westfalen","Campingplatz Lingese"
"627",51.0804545,7.5536774,"Nordrhein-Westfalen","Camping"
"628",50.7275666,6.4648354,"Nordrhein-Westfalen","Freizeitfreunden Rurtal e.V."
"629",50.6174577,6.3775667,"Nordrhein-Westfalen",NA
"630",50.6170185,6.3784681,"Nordrhein-Westfalen",NA
"631",50.6183131,6.3803708,"Nordrhein-Westfalen",NA
"632",50.6177523,6.3817754,"Nordrhein-Westfalen",NA
"633",50.6173132,6.3831272,"Nordrhein-Westfalen",NA
"634",50.6175193,6.3911747,"Nordrhein-Westfalen",NA
"635",50.5649183,6.3332388,"Nordrhein-Westfalen","Camp-Hammer"
"636",51.4301874,7.0566216,"Nordrhein-Westfalen",NA
"637",50.4792909,6.4291088,"Nordrhein-Westfalen","Campingplatz Hellenthal"
"638",51.3654688,6.3234857,"Nordrhein-Westfalen","Waldfrieden"
"639",51.9734423,7.8328521,"Nordrhein-Westfalen","Sonnenwiese"
"640",51.7498708,9.3739519,"Nordrhein-Westfalen","FreizeitgelÃ¤nde Ahlemeyer"
"641",50.9592138,7.2422152,"Nordrhein-Westfalen",NA
"642",51.107428,6.9897103,"Nordrhein-Westfalen","Naturfreundehaus Leichlingen"
"643",51.0971011,7.0723524,"Nordrhein-Westfalen",NA
"644",51.0767366,7.5536102,"Nordrhein-Westfalen",NA
"645",50.7486355,7.3057815,"Nordrhein-Westfalen",NA
"646",52.1098353,8.3342732,"Nordrhein-Westfalen","Campingplatz"
"647",50.4992152,6.6256752,"Nordrhein-Westfalen","Jugendzeltplatz"
"648",52.2373569,7.0788905,"Nordrhein-Westfalen","Campingplatz Dreilaendersee"
"649",51.3156407,7.0863804,"Nordrhein-Westfalen","WoMo Stellplatz"
"650",51.3048826,7.0859155,"Nordrhein-Westfalen","WoMo Stellplatz"
"651",51.4885805,9.1657039,"Nordrhein-Westfalen",NA
"652",51.865428,7.3701934,"Nordrhein-Westfalen",NA
"653",51.1586611,6.852237,"Nordrhein-Westfalen","Campingplatz FÃ¤hrhaus Pitt-Jupp"
"654",51.3809302,6.2694047,"Nordrhein-Westfalen","Blaue Lagune"
"655",51.4685307,7.6816345,"Nordrhein-Westfalen","Campingplatz Ruhrtalblick"
"656",51.4696802,7.6849389,"Nordrhein-Westfalen","Campingplatz Kampmeier"
"657",52.173651,8.907357,"Nordrhein-Westfalen","Campingplatz Sonnenwiese"
"658",51.6567419,6.8113442,"Nordrhein-Westfalen","Schepers Linde"
"659",51.7771361,9.4100544,"Nordrhein-Westfalen","Weser AktivHotel Corvey"
"660",50.4075611,6.5383641,"Nordrhein-Westfalen","Dahlemer Binz"
"661",51.3788479,8.5855878,"Nordrhein-Westfalen","Camping und Freienpark Brilon"
"662",51.6512209,9.3734879,"Nordrhein-Westfalen","WSV Beverungen"
"663",50.5964058,6.3115357,"Nordrhein-Westfalen","Jugendzeltplatz Mariagrube"
"664",50.5632827,6.2988496,"Nordrhein-Westfalen","Jugendzeltplatz Widdau"
"665",50.9778633,7.3549796,"Nordrhein-Westfalen","Hof Abstoss"
"666",51.6951172,7.2936367,"Nordrhein-Westfalen","Campingplatz Franz Althoff"
"667",51.5638118,7.9756919,"Nordrhein-Westfalen",NA
"668",51.1486672,7.371172,"Nordrhein-Westfalen","Bever-Camping KÃ¤fernberg"
"669",51.6690251,7.368148,"Nordrhein-Westfalen","Freizeitpark Klaukenhof"
"670",51.4099996,7.1453241,"Nordrhein-Westfalen","Am Kempel"
"671",51.4330112,6.3780577,"Nordrhein-Westfalen","Jugendzeltplatz ""Eyller See"""
"672",51.9975017,6.866448,"Nordrhein-Westfalen","Liemann"
"673",50.38965,6.7098558,"Nordrhein-Westfalen","Jugendzeltplatz Dollendorf"
"674",51.1047269,7.5066986,"Nordrhein-Westfalen","Auf der Gathe"
"675",50.7285982,8.1419845,"Nordrhein-Westfalen",NA
"676",50.7740181,7.3231066,"Nordrhein-Westfalen","Camping Sauer"
"677",51.9325401,8.7689113,"Nordrhein-Westfalen","Quellental, Camping"
"678",51.2564706,6.1733942,"Nordrhein-Westfalen","Heide Camp"
"679",52.0733,7.2228477,"Nordrhein-Westfalen","Camping Schulze Althoff"
"680",51.6292704,6.2000232,"Nordrhein-Westfalen","Zeltplatz Kevin's Pub"
"681",50.7261525,6.0385365,"Nordrhein-Westfalen","Jugendgruppenzeltplatz Aachen"
"682",52.0238156,8.9107096,"Nordrhein-Westfalen",NA
"683",51.6885722,7.6384948,"Nordrhein-Westfalen","Hof Bleckmann"
"684",51.7992474,8.4959936,"Nordrhein-Westfalen",NA
"685",51.6684494,6.55633,"Nordrhein-Westfalen","Campingplatz Grav-Insel"
"686",51.7616115,6.2823631,"Nordrhein-Westfalen","Freizeitpark Wisseler See"
"687",51.6435121,7.6411964,"Nordrhein-Westfalen","GÃ¤stehaus Marina Nord"
"688",51.1370177,7.939498,"Nordrhein-Westfalen","Campingplatz Hof Biggen"
"689",50.3592726,6.4644662,"Nordrhein-Westfalen","Gruppenzeltplatz"
"690",51.0935003,7.7730747,"Nordrhein-Westfalen","Eseloh"
"691",51.2174049,8.568356,"Nordrhein-Westfalen","Biwakplatz an der Ruipes-Ropes-HÃ¼tte"
"692",52.2550426,8.5300448,"Nordrhein-Westfalen",NA
"693",52.1029165,8.6841886,"Nordrhein-Westfalen","Campingplatz in der GauÃŸstrasse 6a"
"694",51.4229681,7.3907175,"Nordrhein-Westfalen",NA
"695",50.7394693,7.3154784,"Nordrhein-Westfalen","Camping Kurrenbach"
"696",51.8986337,8.9942899,"Nordrhein-Westfalen",NA
"697",51.7346974,6.4830382,"Nordrhein-Westfalen","Zur langen Renne"
"698",50.6176142,6.3752791,"Nordrhein-Westfalen","Weidenbachtal"
"699",51.197051,6.3362191,"Nordrhein-Westfalen","Tipidorf"
"700",51.7662277,9.3833269,"Nordrhein-Westfalen","Wesercamping HÃ¶xter"
"701",50.832062,7.2001915,"Nordrhein-Westfalen",NA
"702",52.2045838,8.8578013,"Nordrhein-Westfalen","WSC Porta"
"703",50.6189672,8.1246521,"Rheinland-Pfalz",NA
"704",49.5610088,6.3788069,"Rheinland-Pfalz","Opa Schuler"
"705",50.22335,7.58321,"Rheinland-Pfalz","Jugendzeltplatz Boppard"
"706",50.0368234,7.4342597,"Rheinland-Pfalz","Nature One Camping Village"
"707",50.1591209,7.1432101,"Rheinland-Pfalz","Campingplatz Winneburg"
"708",49.5119354,7.7825867,"Rheinland-Pfalz","Campingplatz GÃ¤nsedell"
"709",50.0544516,7.7722765,"Rheinland-Pfalz","Camping Sonnenstrand"
"710",49.1201543,7.6910722,"Rheinland-Pfalz","Jugendzeltplatz WolfsÃ¤gerhof - nicht Ã¶ffentlich"
"711",49.5956796,6.5702789,"Rheinland-Pfalz","Judendzeltplatz Kammerforst"
"712",50.5113781,6.9513195,"Rheinland-Pfalz","Feriendorf-Sahrtal"
"713",50.5641986,7.8269452,"Rheinland-Pfalz","Campingplatz Freilingen am Postweiher"
"714",50.3974877,7.6126312,"Rheinland-Pfalz","Motor home parking"
"715",49.995379,7.8348567,"Rheinland-Pfalz","Gerhardshof"
"716",50.6639431,7.4525222,"Rheinland-Pfalz",NA
"717",50.6139031,7.4910595,"Rheinland-Pfalz","Bahnhof Peterslahr"
"718",50.3620686,6.4540542,"Rheinland-Pfalz","Campingpark Kronenburger See"
"719",49.9082329,7.0573106,"Rheinland-Pfalz","Campingplatz ""Kueser Werth"""
"720",50.3360952,7.691879,"Rheinland-Pfalz","BÃ¤derblick"
"721",50.333388,7.7021055,"Rheinland-Pfalz","Kutschers Marina"
"722",50.2558817,6.7796291,"Rheinland-Pfalz","Campingpark Dockweiler MÃ¼hle"
"723",50.6176727,7.5302643,"Rheinland-Pfalz","Lahrer Herrlichkeit"
"724",49.1596828,7.9860859,"Rheinland-Pfalz","Zeltplatz Waldhambach"
"725",50.384138,7.754897,"Rheinland-Pfalz","Freizeit Arzbach"
"726",50.3720433,7.7135865,"Rheinland-Pfalz","Pfadfinderzeltplatz Eitelborn"
"727",50.0916555,6.3698995,"Rheinland-Pfalz",NA
"728",49.3731386,8.4613771,"Rheinland-Pfalz","Campingplatz Waldsee Otterstadt"
"729",50.4450925,7.5999999,"Rheinland-Pfalz","Ulme (22)"
"730",50.4466275,7.5961075,"Rheinland-Pfalz","Rotbuche (17)"
"731",50.4456128,7.5943648,"Rheinland-Pfalz","Hartriegel (12)"
"732",50.4447464,7.5960724,"Rheinland-Pfalz","Elsbeere (10)"
"733",50.44504,7.6006598,"Rheinland-Pfalz","HaselnuÃŸ (23)"
"734",50.4441436,7.5963495,"Rheinland-Pfalz","Douglasie (8)"
"735",50.445979,7.594612,"Rheinland-Pfalz","NuÃŸbaum (13)"
"736",50.4466456,7.596605,"Rheinland-Pfalz","Kirschbaum (18)"
"737",50.4449349,7.5956638,"Rheinland-Pfalz","Robinie (11)"
"738",50.4444391,7.5962876,"Rheinland-Pfalz","Holzbirne (9)"
"739",50.1090884,7.2349485,"Rheinland-Pfalz","Campingplatz Happy Holiday"
"740",49.7889399,6.8437367,"Rheinland-Pfalz",NA
"741",49.3799047,8.457706,"Rheinland-Pfalz",NA
"742",49.769232,7.2046267,"Rheinland-Pfalz","Sensweiler MÃ¼hle"
"743",49.3242536,7.6647287,"Rheinland-Pfalz","Camping Moosalbtal"
"744",49.8421558,6.4573659,"Rheinland-Pfalz","Camping SÃ¼deifel"
"745",49.9397041,6.6257839,"Rheinland-Pfalz","Natur-Camp Eifel"
"746",50.780227,7.7996455,"Rheinland-Pfalz","Camping Im Eichenwald"
"747",50.6945265,7.776201,"Rheinland-Pfalz","Zeltplatz/GrillhÃ¼tte"
"748",49.3007304,8.091108,"Rheinland-Pfalz",NA
"749",50.3151281,7.63363,"Rheinland-Pfalz","Campingplatz WolfsmÃ¼hle"
"750",50.534032,7.2296076,"Rheinland-Pfalz","Hellenbach Camping"
"751",50.5806505,8.0330936,"Rheinland-Pfalz","Altes Kurhaus"
"752",50.6182487,8.1234794,"Rheinland-Pfalz","Krombachtalsperre"
"753",49.8069558,7.8425874,"Rheinland-Pfalz","Campingplatz Nahe-Alsenz-Eck"
"754",49.6113309,7.9717665,"Rheinland-Pfalz",NA
"755",49.6123689,7.9715349,"Rheinland-Pfalz",NA
"756",50.1081353,6.350469,"Rheinland-Pfalz","Heilhausener MÃ¼hle"
"757",50.5608565,7.9987302,"Rheinland-Pfalz",NA
"758",49.179361,7.7433012,"Rheinland-Pfalz","Zeltplatz Hinterweidenthal"
"759",50.5830652,7.9863582,"Rheinland-Pfalz","Camping am Wiesensee"
"760",50.0377386,6.5909157,"Rheinland-Pfalz","Naturcamping Kyllburg"
"761",50.5758953,7.2513626,"Rheinland-Pfalz","Campingplatz Goldene Meile"
"762",50.0524721,6.1229737,"Rheinland-Pfalz","Relles MÃ¼hle"
"763",50.2387714,7.8446941,"Rheinland-Pfalz","Campingplatz am Hauserbach Stausee"
"764",50.2162177,7.3909754,"Rheinland-Pfalz",NA
"765",49.3181362,7.9201424,"Rheinland-Pfalz","Jugendzeltplatz Geiswiese"
"766",49.371216,8.4644894,"Rheinland-Pfalz","Wassersport- und Campingclub Otterstadt"
"767",49.3717895,8.4639974,"Rheinland-Pfalz","Wassersport- und Campingclub Otterstadt"
"768",50.5985904,7.815622,"Rheinland-Pfalz","Campingplatz Haus am See"
"769",49.9987871,6.3529623,"Rheinland-Pfalz","Little Creek"
"770",50.2349401,6.2883212,"Rheinland-Pfalz",NA
"771",49.4437199,7.5667358,"Rheinland-Pfalz","Pfadfinderzentrum"
"772",50.2913098,8.0326266,"Rheinland-Pfalz",NA
"773",50.337343,6.5385633,"Rheinland-Pfalz","Campingplatz Landal Wirfttal"
"774",49.8537086,6.4646246,"Rheinland-Pfalz","Camping Nimseck"
"775",50.1496478,7.6943359,"Rheinland-Pfalz","Campingplatz Friedenau"
"776",50.0678807,7.4538964,"Rheinland-Pfalz","Burgstadt Campingpark"
"777",49.7713613,7.4576506,"Rheinland-Pfalz","Campingplatz PapiermÃ¼hle"
"778",49.2755505,7.7224782,"Rheinland-Pfalz","Campingplatz Clausensee"
"779",49.27592,7.7094712,"Rheinland-Pfalz","Camping Hundsweiher SÃ¤gmÃ¼hle"
"780",50.0557677,6.2772389,"Rheinland-Pfalz","Jugendzeltplatz"
"781",49.9881706,6.1617476,"Rheinland-Pfalz",NA
"782",50.3285768,7.9323682,"Rheinland-Pfalz","Campingplatz Gutenacker (Nr.1)"
"783",50.3250015,7.8987655,"Rheinland-Pfalz","Campingplatz Gutenacker (2)"
"784",49.254413,7.9500938,"Rheinland-Pfalz",NA
"785",50.2208261,7.4464757,"Rheinland-Pfalz",NA
"786",49.2619848,7.6948787,"Rheinland-Pfalz","Jugendzeltplatz Hollertal"
"787",49.8102066,7.2409544,"Rheinland-Pfalz","Edelsteincamp"
"788",49.3145732,8.0821352,"Rheinland-Pfalz","Trekkingplatz SÃ¼dliche WeinstraÃŸe 7 - Kalmit"
"789",49.0772022,7.7360676,"Rheinland-Pfalz",NA
"790",50.238956,6.6146572,"Rheinland-Pfalz","Camping Oosbachtal"
"791",49.8377696,6.330952,"Rheinland-Pfalz","Altschmiede"
"792",49.1441263,7.7661445,"Rheinland-Pfalz",NA
"793",49.551746,7.9611246,"Rheinland-Pfalz","Campingplatz Pfrimmtal"
"794",49.5168584,7.9470203,"Rheinland-Pfalz","Treckingplatz SÃ¼dliche WeinstraÃŸe 8 - Enkenbach-Alsenborn"
"795",50.5171226,7.4294908,"Rheinland-Pfalz","Camping Zum stillen Winkel"
"796",50.1447683,7.7224615,"Rheinland-Pfalz","Campingplatz Loreleyblick"
"797",49.0832138,7.8479934,"Rheinland-Pfalz","Jugendzeltplatz am Teilberg"
"798",49.8063376,7.4215528,"Rheinland-Pfalz","Campingplatz Romantika"
"799",49.7752368,7.5183197,"Rheinland-Pfalz",NA
"800",50.3899068,6.9224813,"Rheinland-Pfalz","Jugendzeltplatz LeimbachsbrÃ¼ck"
"801",50.106662,6.9770054,"Rheinland-Pfalz",NA
"802",50.1055173,6.9796983,"Rheinland-Pfalz",NA
"803",49.2818886,7.2297055,"Saarland","Caravanplatz MÃ¼hlenweiher"
"804",49.3771408,7.3171738,"Saarland","Pfadfinder-/Jugendzeltplatz HerrgottshÃ¼bel"
"805",49.4890753,7.2699169,"Saarland",NA
"806",49.4951752,7.2692334,"Saarland",NA
"807",51.8550226,12.6453222,"Sachsen-Anhalt","Marina-Camp Elbe"
"808",51.6802972,10.8776672,"Sachsen-Anhalt","DomÃ¤ne Stiege"
"809",51.8110893,12.3076809,"Sachsen-Anhalt","Campingplatz Adria"
"810",51.7414981,12.3564197,"Sachsen-Anhalt","MÃ¶hlauer See"
"811",52.0616454,11.8589673,"Sachsen-Anhalt","Freizeit- und Erholungszentrum Plattensee"
"812",52.0275177,11.8967529,"Sachsen-Anhalt","Campingplatz ""PrÃ¶dler See"""
"813",52.3523406,11.7812064,"Sachsen-Anhalt","Campingplatz â€žNord- und SÃ¼dseeâ€œ"
"814",52.3327036,11.6302995,"Sachsen-Anhalt","Heide-Camp Colbitz"
"815",51.588563,11.7559099,"Sachsen-Anhalt","Campingplatz Saaletal"
"816",52.6377576,11.9509177,"Sachsen-Anhalt","Campingplatz und Waldbad Wischer"
"817",52.7055123,11.1963032,"Sachsen-Anhalt","Sunshine Camp Apenburg"
"818",52.7443584,12.0960283,"Sachsen-Anhalt","Campingplatz ""Am SchÃ¶nfelder See"""
"819",51.8563316,12.2204915,"Sachsen-Anhalt","Seesportverein Dessau e.V."
"820",51.8617972,12.6614069,"Sachsen-Anhalt","Wassersportgemeinschaft Wittenberg 1962 e.V. (CampingmÃ¶glichkeit)"
"821",51.1226124,11.7175107,"Sachsen-Anhalt","An der Rudelsburg"
"822",51.6105722,11.0834542,"Sachsen-Anhalt","Birnbaumteich"
"823",52.6050593,11.3004852,"Sachsen-Anhalt",NA
"824",51.7525047,12.5692347,"Sachsen-Anhalt","Zeltplatz KÃ¶nigsee"
"825",51.6670159,12.9063735,"Sachsen-Anhalt","Tourismuszentrum Prettin"
"826",51.817887,12.0634754,"Sachsen-Anhalt","Camping an der Herberge Waldhaus"
"827",52.0527461,11.8163629,"Sachsen-Anhalt","Campingplatz ""Gisela-Eder-See"""
"828",52.0573099,11.8196433,"Sachsen-Anhalt","Campingplatz ""Kolumbussee"""
"829",52.2356786,11.5848783,"Sachsen-Anhalt","Campingplatz und Erholungscenter Jersleber See"
"830",52.273022,11.7909878,"Sachsen-Anhalt","Camping Niegripper See"
"831",52.265905,11.7547243,"Sachsen-Anhalt","Campinggelegenheit an der Pension ""Zum Deich"""
"832",52.7527335,12.1079846,"Sachsen-Anhalt","Wohnwagen-Camping und Ferienhaussielung Kamern"
"833",52.7515906,12.1071263,"Sachsen-Anhalt","Campingplatz Seeblick (Seeperle Kamern)"
"834",52.7446286,12.1018048,"Sachsen-Anhalt","Campingplatz ""Am Kamernschen See"""
"835",52.7530452,12.1028347,"Sachsen-Anhalt","Freizeitwohnanlage Schroeder & Waldcafe am See"
"836",52.862588,11.962039,"Sachsen-Anhalt","Campingplatz ""Am Freibad"""
"837",51.8279174,12.8196928,"Sachsen-Anhalt","Kanuverein ""Harmonie"" Elster/Elbe (Campinggelegenheit)"
"838",51.8633944,12.6675546,"Sachsen-Anhalt","Ruderclub Wittenberg (Campinggelegenheit)"
"839",51.6131035,11.0887528,"Sachsen-Anhalt","Birnbaumteich"
"840",52.5376398,11.971022,"Sachsen-Anhalt","Campingplatz TangermÃ¼nder Wassersportverein e.V."
"841",52.6736121,12.0110291,"Sachsen-Anhalt","Yachthafen Arneburg"
"842",51.6864756,11.1098461,"Sachsen-Anhalt","Bremer Teich"
"843",51.7406099,12.8379427,"Sachsen-Anhalt",NA
"844",52.3227626,11.5525253,"Sachsen-Anhalt","CafÃ© am Dolben"
"845",51.8593663,12.036683,"Sachsen-Anhalt","Boot u Campcenter Aken"
"846",51.7632047,11.3641371,"Sachsen-Anhalt","Fahrerlager1"
"847",51.7621953,11.3624849,"Sachsen-Anhalt","Fahrerlager2"
"848",52.379825,11.4932268,"Sachsen-Anhalt",NA
"849",52.3768778,11.4954584,"Sachsen-Anhalt",NA
"850",52.3737994,11.4882272,"Sachsen-Anhalt",NA
"851",52.3762294,11.4843862,"Sachsen-Anhalt",NA
"852",52.3720833,11.4879911,"Sachsen-Anhalt",NA
"853",52.3458144,11.4836071,"Sachsen-Anhalt",NA
"854",52.345722,11.4862474,"Sachsen-Anhalt",NA
"855",51.4604193,11.8446096,"Sachsen-Anhalt","Pappelgrund"
"856",52.5182008,11.1744798,"Sachsen-Anhalt","Campen Offroadstrecke"
"857",51.2794576,11.6495553,"Sachsen-Anhalt","Kanu-Fahrrad-Station"
"858",51.2670742,11.4832694,"Sachsen-Anhalt","Biwakplatz Memleben"
"859",51.2934361,11.5961312,"Sachsen-Anhalt","Biwakplatz Reinsdorf"
"860",51.2084114,11.7370594,"Sachsen-Anhalt","Freizeit- und Tourismusverein BalgstÃ¤dt"
"861",52.4679419,12.2017809,"Sachsen-Anhalt","Campingplatz am Zabakucker See"
"862",51.9535766,11.4670958,"Sachsen-Anhalt","Campingplatz Grosser Schachtsee"
"863",51.0646014,12.0838542,"Sachsen-Anhalt","Campingplatz Kretzschau"
"864",52.7939261,10.8852887,"Sachsen-Anhalt","Waldbad und Campingplatz DÃ¤hre"
"865",51.3775974,11.6456495,"Sachsen-Anhalt",NA
"866",52.6902306,11.1419933,"Sachsen-Anhalt",NA
"867",51.8563867,12.2215083,"Sachsen-Anhalt","Junkers Paddelgemeinschaft"
"868",52.4388773,11.3363771,"Sachsen-Anhalt","War-Starts-Here-Camp"
"869",52.0295942,11.2833678,"Sachsen-Anhalt","Zeltplatz Motorsport-Arena"
"870",51.6276285,11.8967585,"Sachsen-Anhalt","Campingplatz am Aktienbruch in LÃ¶bejÃ¼n"
"871",51.9591797,11.90575,"Sachsen-Anhalt","SSV Bau-WeiÃŸ Barby CampingmÃ¶glichkeit"
"872",51.6931456,11.9223139,"Sachsen-Anhalt",NA
"873",51.7602129,12.828185,"Sachsen-Anhalt","Auf der Tenne"
"874",51.8562386,12.177006,"Sachsen-Anhalt","Zeltplatz im Naturbad"
"875",51.5016818,12.762412,"Sachsen",NA
"876",51.3952052,13.0053361,"Sachsen",NA
"877",51.0375154,13.0096627,"Sachsen","Campingplatz Kriebstein"
"878",51.0398742,13.8200373,"Sachsen","Dresdner Segelclub 1910 e.V."
"879",51.6306336,12.8553072,"Sachsen","Campingplatz LindemÃ¼hlenberg"
"880",51.1388885,13.7127656,"Sachsen","Oberer Waldteich (Camping Dresden-Boxdorf)"
"881",50.7091005,12.8438119,"Sachsen","Waldcamping Erzgebirgsbad Thalheim"
"882",51.305935,13.3099392,"Sachsen",NA
"883",51.1036149,13.6243598,"Sachsen","Bootshaus SSV Planeta"
"884",51.0017644,14.7193383,"Sachsen","Volksbadcamp"
"885",51.112375,12.4681272,"Sachsen","Surfclub Sachsen e.V."
"886",51.2919898,15.0219526,"Sachsen","Tipisiedlum"
"887",51.3788656,12.6359066,"Sachsen","Naherholungsgebiet ""LÃ¼bschÃ¼tzer Teiche"" (Camping Machern)"
"888",51.5154198,14.7686785,"Sachsen","Radlerklause"
"889",51.3064072,13.3216465,"Sachsen","Marinekameradschaft Riesa"
"890",51.1918062,12.800036,"Sachsen","Ferienpark ThÃ¼mmlitzsee (""ThÃ¼mmlitz Erholung"")"
"891",51.283969,14.9230544,"Sachsen","Erholungsgebiet Biehainer See'n (Camping Biehain)"
"892",51.2353818,14.0267963,"Sachsen","Bischheim Wiesengrund"
"893",51.3711278,12.1951806,"Sachsen","Camping Fiedler"
"894",50.9142604,14.1071415,"Sachsen","Camping ""SÃ¤chsische Schweiz"""
"895",51.1385169,13.7199239,"Sachsen","Campingplatz Dresden-Nord (Campingplatz Dresden-Volkersdorf)"
"896",51.2808608,12.8839109,"Sachsen","Campingplatz Mutzschen-Roda"
"897",51.4714964,12.6796536,"Sachsen","Freizeit- und Erholungszentrum Eilenburg"
"898",51.2702997,12.4305215,"Sachsen","Campinghof Bartl"
"899",51.4679706,12.8496267,"Sachsen","Campingplatz WildschÃ¼tz (""Am WildschÃ¼tzer Bruch"")"
"900",51.240585,12.6843804,"Sachsen","MÃ¼nchteich"
"901",51.0286251,12.993277,"Sachsen","Campingplatz Falkenhain"
"902",50.5571711,13.0468672,"Sachsen","Camping beim Bildhauer"
"903",50.9828983,14.2308909,"Sachsen","Camping Endler"
"904",51.362323,13.2247576,"Sachsen","Camping am Erlebnisbad"
"905",51.0435564,14.0860211,"Sachsen","Sport- und Familiencamp Stolpen"
"906",51.3007743,14.8040244,"Sachsen","Camping am Tonschacht"
"907",51.2977032,14.3103323,"Sachsen","Waldbad Niesendorf"
"908",50.8137429,12.2972816,"Sachsen","Campingplatz Mannichswalde"
"909",51.4951855,13.0207736,"Sachsen","CLOSED (Obere WalkmÃ¼hle)"
"910",51.4768777,13.1366188,"Sachsen","CampingmÃ¶glichkeit im Sportboothafen"
"911",51.4714443,13.134917,"Sachsen","Campinggelegenheit im Jugend- und Freizeitzentrum"
"912",51.476008,13.1075319,"Sachsen","CampingmÃ¶glichkeit im Naturbad ""Bad Erlengrund"""
"913",50.8830781,13.2819089,"Sachsen","Campinggelegenheit an der SchrÃ¶dermÃ¼hle"
"914",51.005032,13.86725,"Sachsen","Campinggelegenheit im Dresdner Segel-Verein, Pillnitzer Insel 1928 e.V."
"915",50.9425999,14.1407804,"Sachsen","Campinggelegenheit an der Ochelbaude"
"916",51.3450441,13.2691455,"Sachsen",NA
"917",51.0036809,13.3597123,"Sachsen","Campingplatz Reinsberg"
"918",50.8738507,13.2282541,"Sachsen","Kleinreitbetrieb Hermsdorfer"
"919",51.2915565,13.1056295,"Sachsen","Stellplatz fÃ¼r Wohnwagen"
"920",51.2910653,13.1066657,"Sachsen","Europ. Jugendcamp"
"921",50.6254409,12.5101342,"Sachsen",NA
"922",51.0054293,14.8269037,"Sachsen","Camping am Bauernhof"
"923",51.2855797,14.7758021,"Sachsen",NA
"924",50.432358,12.1102829,"Sachsen",NA
"925",50.8385132,13.4425947,"Sachsen","Fahrerlager"
"926",51.0228889,13.6894271,"Sachsen","Camping Begerburg"
"927",51.2525091,13.7532073,"Sachsen","Naherholungsgebiet ""BrettmÃ¼hlenteich"" Zschorna"
"928",50.9818278,13.9244536,"Sachsen",NA
"929",51.5789359,12.7301592,"Sachsen","Campingplatz Pressel"
"930",51.3037978,13.3661736,"Sachsen","Elbe km103, Ernst Haacke"
"931",51.1474779,14.8432559,"Sachsen","Schlesierland"
"932",51.5264746,14.166398,"Sachsen","Schwimmendes Haus Camping"
"933",50.8183661,13.6630872,"Sachsen",NA
"934",50.9147198,13.6510339,"Sachsen","Campingplatz Paulsdorf"
"935",51.3725744,14.3082924,"Sachsen","Campingpark Knappensee"
"936",51.1295092,13.435644,"Sachsen","Barth-MÃ¼hle"
"937",51.3670711,14.0350255,"Sachsen","Campingplatz Waldbad"
"938",51.5011921,14.8136228,"Sachsen",NA
"939",51.3605415,14.9470955,"Sachsen",NA
"940",50.7659492,13.7456334,"Sachsen","Campingplatz ""Kleiner Galgenteich"""
"941",51.3572043,12.2567997,"Sachsen","Bootshaus Burghausen"
"942",51.437145,12.3457017,"Sachsen",NA
"943",51.4540553,14.9569791,"Sachsen","Zeltplatz fÃ¼r Radler von Mai bis Oktober"
"944",51.4990081,14.3445666,"Sachsen","WSZ-Camp-Spreetal"
"945",50.474754,12.4555935,"Sachsen","Bungalows JÃ¤gerhÃ¼tten"
"946",50.4745792,12.4570131,"Sachsen","Bungalows SchÃ¶ne Aussicht"
"947",50.4763003,12.4611497,"Sachsen",NA
"948",50.4367807,12.9679645,"Sachsen",NA
"949",51.0063311,12.9848536,"Sachsen","Naturcamping Abenteuercamp"
"950",51.1753294,12.4535749,"Sachsen","Camping Hain"
"951",54.0342,9.42346,"Schleswig-Holstein","DK0006"
"952",54.521964,11.1527107,"Schleswig-Holstein","Camping am Niobe"
"953",54.5284987,11.0973552,"Schleswig-Holstein","Camping am Belt"
"954",53.4099261,10.5974127,"Schleswig-Holstein","Campingplatz Lanzer See"
"955",54.4130365,11.2503579,"Schleswig-Holstein","SÃ¼dstrand"
"956",54.4141273,11.2449315,"Schleswig-Holstein","Insel Camp Fehmarn"
"957",54.4683996,10.0057938,"Schleswig-Holstein",NA
"958",54.6736069,10.0332822,"Schleswig-Holstein",NA
"959",54.4714469,10.0076146,"Schleswig-Holstein","Jugendzeltplatz Noer"
"960",54.2173373,9.2765441,"Schleswig-Holstein",NA
"961",54.0366473,10.7448795,"Schleswig-Holstein","Neptun"
"962",54.4104903,10.1879305,"Schleswig-Holstein","Jugendgruppenzeltplatz Falkenhorst"
"963",54.2858157,9.3986221,"Schleswig-Holstein","Hohner FÃ¤hre"
"964",54.2653916,11.0786435,"Schleswig-Holstein","Rosenfelder Strand Ostsee Camping"
"965",54.5264364,11.1176246,"Schleswig-Holstein","Camping am Deich"
"966",54.4530501,11.0130829,"Schleswig-Holstein","Campingplatz FlÃ¼ggerteich"
"967",54.4518537,11.0079254,"Schleswig-Holstein","Camping FlÃ¼gger Strand"
"968",53.7272016,10.7683689,"Schleswig-Holstein","KalkhÃ¼tte"
"969",54.3065666,9.2569927,"Schleswig-Holstein","Eidertal"
"970",53.6627698,10.6598983,"Schleswig-Holstein","Campingplatz Schmidt"
"971",54.0342811,10.7409421,"Schleswig-Holstein","Seepferdchen"
"972",54.0928808,10.8258721,"Schleswig-Holstein","Am Strande"
"973",54.092479,10.8274537,"Schleswig-Holstein","Lotsenhaus"
"974",54.0773611,10.3475065,"Schleswig-Holstein",NA
"975",54.4780309,8.8162474,"Schleswig-Holstein","Camping PÃ¼ttenwarft"
"976",53.600664,10.7171286,"Schleswig-Holstein","Campingplatz LÃ¼ttauer See"
"977",54.2282099,10.2854873,"Schleswig-Holstein","Naturcamping Kirchsee"
"978",54.3244203,8.6960439,"Schleswig-Holstein",NA
"979",53.7027454,10.6707418,"Schleswig-Holstein",NA
"980",54.3561602,10.6088421,"Schleswig-Holstein","Zum Reiterhof"
"981",54.5272878,11.1140676,"Schleswig-Holstein","Teichhof Camping"
"982",53.6645606,10.6646332,"Schleswig-Holstein","Schierhorn"
"983",54.1724533,9.8423633,"Schleswig-Holstein","Campingplatz RitzebÃ¼ttel"
"984",54.2426659,11.0800761,"Schleswig-Holstein","Camping Stieglitz"
"985",54.6528349,9.450159,"Schleswig-Holstein","Camping SÃ¼derholz"
"986",53.9284708,9.889748,"Schleswig-Holstein",NA
"987",54.4156708,11.245006,"Schleswig-Holstein","Insel-Camp"
"988",54.0355607,10.7459184,"Schleswig-Holstein","OSTSEESTRAND CAMPINGPLATZ SCHARBEUTZ"
"989",54.7409027,9.5884238,"Schleswig-Holstein","Ãœbernachtungsplatz Winderatter See"
"990",54.7933551,9.3502276,"Schleswig-Holstein","Ãœbernachtungsplatz SchÃ¤ferhaus"
"991",54.7553,9.8478,"Schleswig-Holstein","Ãœbernachtungsplatz Koppelheck"
"992",51.0427717,11.6792331,"Thüringen","Saalerastplatz"
"993",50.6772294,10.9584055,"Thüringen","Am Gottessegen"
"994",51.5684595,10.8289548,"Thüringen","Campingplatz am Waldbad"
"995",51.1883746,11.4231741,"Thüringen","Haselberg"
"996",51.0356441,11.287423,"Thüringen","Bad-Camp"
"997",51.0875418,10.3215292,"Thüringen","Naturcampingplatz Ebenshausen"
"998",51.04906,10.249037,"Thüringen","Krumos' Kanustation"
"999",51.288689,9.9766404,"Thüringen","Camping-Oase Wahlhausen"
"1000",50.7636608,10.4169061,"Thüringen","Feriensiedlung NÃ¼ÃŸleshof"
"1001",50.7953702,10.2913731,"Thüringen","Campingplatz Kiesgrube Immelborn"
"1002",50.8730737,11.1759239,"Thüringen","Camping Freizeitpark Stausee Hohenfelden"
"1003",50.5469597,10.7780484,"Thüringen","Campingplatz Am Waldbad"
"1004",50.4927406,10.7909768,"Thüringen","Campingplatz ""Bergsee Ratscher"""
"1005",50.9928251,11.3654564,"Thüringen","Camping Tiefurt"
"1006",50.5152344,11.7294504,"Thüringen","Campingplatz Saalburg-Kloster"
"1007",51.2005106,10.4318339,"Thüringen","Campingplatz am Schwanenteich"
"1008",51.352822,10.0421901,"Thüringen","Campingplatz Bergwiese ThÃ¼ringen"
"1009",51.5379034,10.9260587,"Thüringen","Campingplatz WolfsmÃ¼hle"
"1010",50.4695722,11.8566868,"Thüringen","PechhÃ¼tte"
"1011",50.3821368,11.1813514,"Thüringen","Pfadfinderzentrum SchleifenberghÃ¼tte"
"1012",50.5811243,11.6999877,"Thüringen","Ferienland Crispendorf - Zeltplatz"
"1013",51.3692134,10.8902532,"Thüringen",NA
"1014",50.6144724,12.0318147,"Thüringen",NA
"1015",50.4015325,11.6999877,"Thüringen","Wasserwanderrastplatz"
"1016",50.5466198,11.0588788,"Thüringen",NA
